batter_name,xwoba,spray xwoba,pa,diff
aaron hicks,0.30922389998753824,0.30926942195046453,236.0,4.5521962926287074e-05
aaron judge,0.4279311983811363,0.43317470991347445,330.0,0.005243511532338152
aaron whitefield,0.20493361437381183,0.20701657846864355,11.0,0.0020829640948317185
abraham toro,0.30069631734259405,0.2865854897442908,228.0,-0.014110827598303233
adalberto mondesí,0.2094568734911278,0.20127510746528898,54.0,-0.00818176602583881
adam duvall,0.29286109875735206,0.29711448517995237,290.0,0.004253386422600314
adam engel,0.26220280860495637,0.26362989361386663,156.0,0.001427085008910256
adam frazier,0.31141839744628097,0.3062811110382615,320.0,-0.00513728640801947
adam haseley,0.24682568001553007,0.2588859390612834,22.0,0.012060259045753308
adley rutschman,0.33042690773406636,0.3339879454064533,133.0,0.0035610376723869686
adolis garcía,0.3465128339532445,0.3439603257172602,313.0,-0.0025525082359842965
aj pollock,0.30736956785857555,0.3019411853705776,228.0,-0.005428382487997929
akil baddoo,0.21662123318951146,0.2194934014231667,55.0,0.0028721682336552423
alan trejo,0.30454186241484743,0.2849813280203558,39.0,-0.019560534394491624
albert almora,0.26060705531790185,0.27269856713577206,150.0,0.012091511817870215
albert pujols,0.31675670145990326,0.31479675541549645,140.0,-0.0019599460444068018
alcides escobar,0.23927756839539355,0.23477061700130442,128.0,-0.0045069513940891315
alec bohm,0.33966043954081165,0.3285942830446334,305.0,-0.011066156496178259
aledmys díaz,0.2968374851739225,0.2820104935681174,146.0,-0.014826991605805084
alejandro kirk,0.4210784979981525,0.42019945761618993,252.0,-0.0008790403819625703
alejo lopez,0.33377071844992684,0.3189691545471131,67.0,-0.01480156390281373
alek thomas,0.3075444688301614,0.3017080567150525,180.0,-0.00583641211510888
alex bregman,0.3453538267913514,0.3566225270516758,316.0,0.011268700260324394
alex dickerson,0.32845181093910963,0.29431532703188534,36.0,-0.03413648390722429
alex jackson,0.23265130603212633,0.2302326646449159,12.0,-0.0024186413872104295
alex kirilloff,0.28514690808203635,0.2965720488107411,87.0,0.011425140728704763
alex verdugo,0.35964937620830045,0.35447687786315357,301.0,-0.005172498345146881
alfonso rivas,0.28543249515711794,0.27471364424951833,151.0,-0.010718850907599609
amed rosario,0.31292337200397247,0.3042341130466328,297.0,-0.008689258957339685
andrelton simmons,0.22002966682563457,0.2061224444554783,74.0,-0.013907222370156264
andres gimenez,0.3479656565096375,0.3304149085020277,234.0,-0.017550748007609807
andrew benintendi,0.3385866530966651,0.3340352338512644,316.0,-0.004551419245400701
andrew knapp,0.23984919419488931,0.23215922582717333,37.0,-0.007689968367715988
andrew knizner,0.292616998526302,0.28452058552793824,142.0,-0.008096412998363778
andrew mccutchen,0.3353366883885674,0.34216229938152287,285.0,0.006825610992955478
andrew vaughn,0.34497438854184803,0.3481296996026773,244.0,0.00315531106082928
andrew velazquez,0.2564101076271339,0.2582232980984961,225.0,0.0018131904713621916
andy ibáñez,0.27690896976028295,0.25163851790891434,128.0,-0.025270451851368614
anthony alford,0.031413442392453396,0.03218981833521298,4.0,0.0007763759427595815
anthony bemboom,0.2594034710887121,0.25504846548253896,58.0,-0.004355005606173135
anthony rendon,0.3434768046490463,0.34630173525550745,186.0,0.0028249306064611623
anthony rizzo,0.36905081395799105,0.36658179638595556,317.0,-0.0024690175720354923
anthony santander,0.3305860125411309,0.3302034927043962,302.0,-0.00038251983673470713
aramis garcia,0.2558050844485492,0.2541832644931917,108.0,-0.0016218199553575396
aristides aquino,0.21757332821202424,0.2276042800069814,89.0,0.010030951794957166
austin allen,0.16449283743393028,0.1685017214783425,16.0,0.004008884044412214
austin barnes,0.3233431992520051,0.32994918662787226,97.0,0.006605987375867151
austin hays,0.33787909995001564,0.3309876830655745,306.0,-0.006891416884441115
austin hedges,0.23678530183969004,0.24811105547888798,159.0,0.011325753639197939
austin meadows,0.3819799102704386,0.36722695852999954,145.0,-0.014752951740439058
austin nola,0.31822771509007175,0.321091222809306,213.0,0.0028635077192342706
austin riley,0.37536089471957207,0.3764883940922249,333.0,0.0011274993726528293
austin romine,0.1608213167669192,0.13968202924233586,9.0,-0.021139287524583328
austin slater,0.3509330977321836,0.33364410543801554,132.0,-0.017288992294168082
austin wynns,0.27923871833846053,0.2929002624413988,43.0,0.013661544102938239
avisail garcia,0.2883206767579238,0.29077182941280016,255.0,0.0024511526548763873
ben gamel,0.36472658199343466,0.358269578185574,159.0,-0.006457003807860684
billy mckinney,0.20828197944093144,0.21078751140435512,56.0,0.0025055319634236795
bligh madris,0.28445891758347375,0.25043795679178044,47.0,-0.03402096079169331
bo bichette,0.3340004360110109,0.3374850061243835,349.0,0.0034845701133725537
bobby bradley,0.16282189509014902,0.1402041775090901,17.0,-0.022617717581058933
bobby dalbec,0.30374283272140623,0.3086010161109875,208.0,0.004858183389581272
bobby witt,0.30127452644303393,0.2979255744830058,305.0,-0.003348951960028157
brad miller,0.2725554336450479,0.2738364364260063,169.0,0.0012810027809583846
bradley zimmer,0.24495128062113777,0.2189684801406798,78.0,-0.02598280048045798
brandon belt,0.3488519014775706,0.33846280817808455,165.0,-0.010389093299486063
brandon crawford,0.30169591335077106,0.29195709654034036,241.0,-0.009738816810430706
brandon drury,0.332288012282429,0.32544695148882685,276.0,-0.006841060793602138
brandon lowe,0.3275132743452332,0.3198879114263979,133.0,-0.00762536291883531
brandon marsh,0.277032956285844,0.2744820632749507,256.0,-0.002550893010893285
brandon nimmo,0.3441396323084389,0.32802057146096925,303.0,-0.01611906084746967
brendan donovan,0.3291356495402208,0.3304514364569845,217.0,0.001315786916763706
brendan rodgers,0.32166153051978524,0.314603309636267,287.0,-0.0070582208835182625
brett phillips,0.2347605749953266,0.22680541183781852,169.0,-0.007955163157508077
brian anderson,0.35543547883349524,0.3502296061225069,138.0,-0.005205872710988324
brian serven,0.30026351268038276,0.31205090151130277,75.0,0.01178738883092001
bryan de la cruz,0.3372707824241213,0.32393740983994834,152.0,-0.013333372584172942
bryan lavastida,0.23927566442335527,0.2203546880343665,15.0,-0.018920976388988764
bryan reynolds,0.3346140920847354,0.32523303216648913,313.0,-0.009381059918246282
bryce harper,0.4240672638487886,0.427646582106371,270.0,0.003579318257582398
bryson stott,0.26416812368558856,0.2536459643350871,175.0,-0.010522159350501437
buddy kennedy,0.2511588902363177,0.2410812568573546,41.0,-0.010077633378963113
byron buxton,0.3629141795872819,0.3755972184473115,251.0,0.012683038860029583
c. j. abrams,0.2597141143986647,0.24864327854757665,105.0,-0.011070835851088062
c. j. cron,0.336114667209559,0.3409613515258202,330.0,0.004846684316261174
cal mitchell,0.26308933525178524,0.26552730357105975,88.0,0.0024379683192745083
cal raleigh,0.329791052748119,0.33266326852193057,172.0,0.0028722157738115817
cam gallagher,0.24913770603551771,0.26973374293970515,27.0,0.02059603690418743
canaan smith-njigba,0.4078342795953846,0.3910725042132261,7.0,-0.016761775382158506
carlos correa,0.37428822813852236,0.36876783915454325,250.0,-0.005520388983979108
carlos sanchez,0.39106560422552983,0.36788854433854423,3.0,-0.023177059886985596
carlos santana,0.3616993830839406,0.3483657354918888,230.0,-0.0133336475920518
carson kelly,0.22374649740445354,0.21974147908865305,109.0,-0.004005018315800496
cavan biggio,0.3401279303126479,0.3424101842030999,131.0,0.0022822538904520018
cedric mullins,0.30294808511908794,0.3018694235091246,337.0,-0.0010786616099633384
cesar hernandez,0.30925152658459815,0.31199623984337505,350.0,0.0027447132587768985
chad pinder,0.28395496130058434,0.28304486895302255,197.0,-0.0009100923475617861
chad wallach,0.33816724121528874,0.3504908635694247,35.0,0.012323622354135977
charlie blackmon,0.3237561132335115,0.3221050361847835,305.0,-0.0016510770487280224
charlie culberson,0.2522781997776037,0.2531274468286671,74.0,0.0008492470510634287
chas mccormick,0.3106827231759095,0.3007850431583323,184.0,-0.009897680017577182
chris okey,0.2062006048436236,0.19812426005267877,13.0,-0.008076344790944823
chris owings,0.23940179762052663,0.2279238196105336,68.0,-0.011477978009993034
chris taylor,0.28422726272361754,0.29233373716876343,280.0,0.008106474445145895
christian arroyo,0.33734881607438155,0.3225628869917052,107.0,-0.014785929082676341
christian bethancourt,0.35040111158802856,0.3601709323414501,170.0,0.009769820753421532
christian lopes,0.2254767048421531,0.1972557595511849,10.0,-0.02822094529096819
christian vazquez,0.3356630968661493,0.32621455249854864,220.0,-0.009448544367600675
christian walker,0.38212756841712625,0.38381660497888775,307.0,0.0016890365617615033
christian yelich,0.34607889390792296,0.34411460877903066,337.0,-0.001964285128892296
christopher morel,0.33221299530312104,0.33661286548442676,190.0,0.004399870181305721
cody bellinger,0.2889928410222121,0.28908955058309094,288.0,9.670956087881599e-05
cole tucker,0.2020368556565819,0.18115640967475352,63.0,-0.020880445981828366
colin moran,0.33023367421834926,0.328569756858029,117.0,-0.0016639173603202329
conner capel,,,,
connor joe,0.3264552410200129,0.3183311172217241,319.0,-0.008124123798288807
connor wong,0.09201024523803499,0.10047944187183959,6.0,0.008469196633804604
cooper hummel,0.3170682462599573,0.3049501737738188,123.0,-0.012118072486138498
corey dickerson,0.2726133495819688,0.27323412805222347,104.0,0.000620778470254657
corey seager,0.3714167414098247,0.3648257104912384,321.0,-0.006591030918586316
cristian pache,0.26234200030588134,0.27040363483256113,213.0,0.008061634526679795
curt casali,0.2944103824571965,0.2964324192213437,124.0,0.0020220367641472503
dairon blanco,0.05901939210784007,0.11520266987377448,7.0,0.05618327776593441
dan vogelbach,0.3678831573455189,0.3516282861035318,226.0,-0.0162548712419871
danny jansen,0.3750505666410783,0.38850041928654144,61.0,0.013449852645463167
danny mendick,0.2861371212909739,0.29930921029858487,106.0,0.013172089007610965
dansby swanson,0.3644351873323445,0.3579512068989352,327.0,-0.006483980433409253
darick hall,0.38698272457694854,0.4177862098272053,14.0,0.03080348525025678
darin ruf,0.33518250171036584,0.32846622475640913,249.0,-0.006716276953956712
daulton varsho,0.31887887145591265,0.3134298312429356,286.0,-0.005449040212977041
david bote,0.3042925004917702,0.32182685556823737,17.0,0.017534355076467167
david fletcher,0.2995568995254239,0.28816908942069736,41.0,-0.011387810104726559
david mackinnon,0.3338743098143983,0.3184993451363621,27.0,-0.01537496467803623
david peralta,0.3402412833876684,0.320076257560205,246.0,-0.02016502582746338
daz cameron,0.3199131184079532,0.32460135345801755,61.0,0.004688235050064327
dee strange-gordon,0.22464737764914067,0.23172173208543356,59.0,0.007074354436292896
derek hill,0.2354133909835482,0.2231995558005884,92.0,-0.012213835182959792
didi gregorius,0.29624639404646674,0.2966252194559292,154.0,0.0003788254094624355
diego castillo,0.2997632002980245,0.297675095785909,208.0,-0.002088104512115496
dillon thomas,0.406951330134943,0.3898286409645771,4.0,-0.017122689170365912
dj lemahieu,0.3751208846898301,0.3747079230646863,296.0,-0.00041296162514381507
dj stewart,0.01541903757261504,0.02514809085496635,3.0,0.009729053282351309
dom nunez,0.24760756945418874,0.22404475132175092,36.0,-0.023562818132437824
dominic smith,0.2958303137740046,0.2965777444275302,114.0,0.0007474306535256159
donovan solano,0.33921419914907336,0.3489337809981743,32.0,0.009719581849100933
donovan walton,0.2502675100408396,0.272850269093909,71.0,0.022582759053069446
drew ellis,0.21675448950958595,0.2072814574153826,17.0,-0.00947303209420336
drew jackson,0.06521104206102218,0.04797633479364991,3.0,-0.017234707267372272
dustin garneau,0.3318320754221583,0.31981862476266637,11.0,-0.012013450659491942
dylan carlson,0.30648787262993016,0.31647342488589336,237.0,0.009985552255963204
dylan moore,0.35162257430816424,0.3594280176933966,134.0,0.007805443385232369
eddie rosario,0.22740987945044067,0.20770193852088334,49.0,-0.019707940929557327
eddy alvarez,0.18527566358654296,0.19318232796920767,27.0,0.007906664382664713
edmundo sosa,0.2747565163478529,0.2681049399784308,101.0,-0.006651576369422096
eduardo escobar,0.28862292257747824,0.28201550445657453,297.0,-0.0066074181209037075
edward olivares,0.36040850477809455,0.38753185155683423,58.0,0.027123346778739676
edwin rios,0.31945840653332674,0.3159405077992851,91.0,-0.0035178987340416246
ehire adrianza,0.24835108794271354,0.22981874800040952,41.0,-0.01853233994230402
elehuris montero,0.29939889793628477,0.25605278071300797,25.0,-0.0433461172232768
eli white,0.25694954635379774,0.2624012100909948,117.0,0.005451663737197077
elias diaz,0.2788728593908758,0.28062645030366357,188.0,0.0017535909127877614
eloy jiménez,0.2873533955297733,0.28911183287532577,39.0,0.001758437345552477
elvis andrus,0.2929072459608991,0.2981175821178567,265.0,0.005210336156957596
emmanuel rivera,0.3228323072941843,0.32336291987895577,151.0,0.0005306125847714949
ender inciarte,,,,
enrique hernandez,0.30470183707606835,0.2827759668664796,238.0,-0.02192587020958875
eric haase,0.3153883312060674,0.30758984113535126,133.0,-0.007798490070716146
eric hosmer,0.32319006029472874,0.32065560442247526,285.0,-0.0025344558722534827
erik gonzalez,0.2693655292001779,0.2683363505067381,41.0,-0.001029178693439825
ernie clement,0.270616474772901,0.2567741891779398,119.0,-0.013842285594961201
estevan florial,0.3285261086821886,0.3031969144304334,12.0,-0.025329194251755227
eugenio suarez,0.3430308709894498,0.3515453415718631,336.0,0.008514470582413336
evan longoria,0.34647783075357536,0.3543976988698376,139.0,0.007919868116262219
ezequiel duran,0.24511885151815294,0.2657434381142235,64.0,0.020624586596070582
franchy cordero,0.36790075575889924,0.3687169203151782,170.0,0.0008161645562789754
francisco lindor,0.32857386599895694,0.3271952737215996,337.0,-0.0013785922773573156
francisco mejia,0.26546391523131396,0.276308536119527,143.0,0.01084462088821303
frank schwindel,0.298363113948958,0.3098713607442363,243.0,0.011508246795278343
franmil reyes,0.27671569302128424,0.25908345701602664,184.0,-0.017632236005257595
freddie freeman,0.40406862736098964,0.4028889423443079,343.0,-0.001179685016681753
gabriel arias,0.2275638187004025,0.20999573266688212,13.0,-0.017568086033520364
gabriel moreno,0.32264413800289354,0.3249829887396665,45.0,0.0023388507367729794
garrett cooper,0.3694146964213803,0.37199935459450467,279.0,0.0025846581731243656
garrett hampson,0.25640688260712036,0.25429901908423574,96.0,-0.002107863522884612
garrett stubbs,0.33392200995304566,0.35487097419296704,57.0,0.020948964239921375
gary sanchez,0.3345175088833903,0.34304778134830644,251.0,0.008530272464916111
gavin lux,0.3259926557267555,0.30312588612981484,250.0,-0.022866769596940673
gavin sheets,0.2818474505824498,0.2760658741583012,180.0,-0.005781576424148616
george springer,0.335581965512605,0.35015710800771094,298.0,0.014575142495105942
geraldo perdomo,0.2961597125767442,0.3000364885625088,236.0,0.00387677598576458
giancarlo stanton,0.40778265171172057,0.4102175942217749,265.0,0.0024349425100543276
gilberto celestino,0.2856876247263761,0.2828424967274467,146.0,-0.0028451279989293865
gio urshela,0.32344904933002133,0.3166276336290578,276.0,-0.006821415700963507
gleyber torres,0.3371750356077301,0.3371491100291103,260.0,-2.5925578619800937e-05
gosuke katoh,0.3425032673041979,0.3407764424777102,11.0,-0.0017268248264876718
grayson greiner,0.24199026618294528,0.26146796225211855,8.0,0.019477696069173267
guillermo heredia,0.2350332852535101,0.22551439579874322,64.0,-0.009518889454766893
ha-seong kim,0.30758991879579817,0.3106798272987243,279.0,0.0030899085029261197
hanser alberto,0.25371938538180916,0.2475023163830419,74.0,-0.006217068998767256
harold castro,0.34391157571499453,0.34552574517773843,168.0,0.0016141694627438974
harold ramirez,0.3465560557878049,0.3431661490038504,212.0,-0.0033899067839545105
harrison bader,0.2839359154584217,0.27235929076563314,264.0,-0.011576624692788529
heliot ramos,0.379231552462765,0.37978003838884605,14.0,0.0005484859260810326
hoy park,0.27677470013352823,0.3031777702730722,59.0,0.02640307013954396
hunter dozier,0.33242066531662495,0.3349333352770456,274.0,0.002512669960420655
hunter renfroe,0.32969094043056996,0.3252390927286713,217.0,-0.004451847701898659
ian happ,0.3491921578051893,0.3452335584742097,307.0,-0.003958599330979584
ildemaro vargas,0.2973469007804712,0.28537503604691683,26.0,-0.011971864733554383
isaac paredes,0.29971023493997606,0.338021290025193,133.0,0.03831105508521693
isiah kiner-falefa,0.2933709921884906,0.2921781773012126,255.0,-0.0011928148872780153
ivan herrera,0.173845631004349,0.16732227323309343,22.0,-0.006523357771255567
j. d. davis,0.3723962180956443,0.36721822918587604,174.0,-0.005177988909768283
j. d. martinez,0.38237998547291807,0.3910129464001221,299.0,0.008632960927204003
j. j. matijevic,0.2667833775669924,0.2574902756897616,25.0,-0.009293101877230758
j. p. crawford,0.33070636406327375,0.3216102888611986,302.0,-0.009096075202075171
j. t. realmuto,0.3127136424232121,0.3223988119487287,282.0,0.009685169525516624
jace peterson,0.3098328038831107,0.2843712293509981,205.0,-0.025461574532112563
jack mayfield,0.22887721458470137,0.24146785034898627,74.0,0.012590635764284902
jack suwinski,0.3091620494894436,0.301499696654348,209.0,-0.007662352835095587
jackie bradley,0.2869312227489284,0.28337892521138214,235.0,-0.0035522975375462673
jackson frazier,0.3218488641978612,0.304285419976444,45.0,-0.0175634442214172
jacob stallings,0.271820516957764,0.27174312006280965,195.0,-7.739689495434021e-05
jake burger,0.3224560152118541,0.3154680552046272,179.0,-0.006987960007226901
jake cronenworth,0.3119323750365463,0.30311728461757204,350.0,-0.00881509041897427
jake fraley,0.2765795635219423,0.288815351003049,48.0,0.012235787481106708
jake hager,0.263486467281638,0.24708534492672898,57.0,-0.01640112235490901
jake lamb,0.29923389700983916,0.28945338700150053,9.0,-0.009780510008338628
jake marisnick,0.24366752373795064,0.22771031758231616,51.0,-0.01595720615563448
jake mccarthy,0.2829743791725668,0.2707543504686315,86.0,-0.012220028703935293
jake meyers,0.33373381635219873,0.32061870652701974,29.0,-0.013115109825178994
james mccann,0.3348642368888644,0.3221411066751127,79.0,-0.01272313021375171
jared walsh,0.3156257378321369,0.3030343337400465,295.0,-0.012591404092090364
jarred kelenic,0.25037955101547427,0.2532119428917487,96.0,0.0028323918762744316
jarren duran,0.3645719086075742,0.3573597182844775,66.0,-0.007212190323096723
jason castro,0.24388783516664772,0.2358714300363631,88.0,-0.00801640513028462
jason delay,0.26633533979583984,0.2915400473959769,3.0,0.025204707600137044
jason heyward,0.2877199345160201,0.28875919450976467,151.0,0.0010392599937445457
jason krizan,0.26464130693182597,0.2320476177587644,10.0,-0.032593689173061574
jason vosler,0.3465989245303155,0.3357749813892396,63.0,-0.010823943141075876
javier baez,0.2787524834018049,0.28269783925099745,259.0,0.003945355849192533
jaylin davis,0.29161982626618366,0.27686030801709066,4.0,-0.014759518249092995
jazz chisholm,0.3433204584424939,0.34394652023204625,239.0,0.0006260617895523235
jean segura,0.32372684873691143,0.32644013279327827,176.0,0.002713284056366838
jed lowrie,0.2545758251064997,0.26141875107039125,167.0,0.006842925963891577
jeff mcneil,0.3246665200888152,0.32247070713986686,259.0,-0.002195812948948328
jeimer candelario,0.294374859940548,0.28088857024925656,221.0,-0.013486289691291453
jerar encarnacion,0.3793064631979772,0.37437364558531555,8.0,-0.004932817612661622
jeremy pena,0.31871394191120594,0.32247546000617827,233.0,0.003761518094972327
jermaine palacios,0.2893546562706074,0.27369137211465416,28.0,-0.01566328415595325
jesse winker,0.367798608016912,0.3628612497249142,326.0,-0.004937358291997818
jesus aguilar,0.317480205126358,0.3249956752004901,284.0,0.007515470074132113
jesus sanchez,0.29458094335621465,0.2983346768207195,241.0,0.0037537334645048603
jeter downs,0.044564864344816275,0.03155062323045508,4.0,-0.013014241114361197
ji-man choi,0.3629539777180893,0.3615316865215332,210.0,-0.0014222911965560692
jo adell,0.3025615738565617,0.30157294439559357,87.0,-0.0009886294609681157
joc pederson,0.4026493447515993,0.3886195552036662,223.0,-0.014029789547933103
joe dunand,0.20234223743462787,0.28192190948038437,11.0,0.0795796720457565
joey bart,0.29474697537851186,0.2900519476212901,107.0,-0.004695027757221748
joey gallo,0.3231463512185802,0.331798618905676,220.0,0.008652267687095816
joey votto,0.33826136960461756,0.3360749455195367,245.0,-0.0021864240850808514
joey wendle,0.3187005474247828,0.3166845961324949,101.0,-0.002015951292287932
johan camargo,0.2752733551630127,0.27787319914993147,153.0,0.0025998439869187595
jon berti,0.32551761139709706,0.31819008862332576,185.0,-0.0073275227737713
jonah bride,0.30504534351741475,0.278458607589347,44.0,-0.026586735928067762
jonah heim,0.29457049594564816,0.30249973304441846,206.0,0.007929237098770303
jonathan aranda,,,,
jonathan arauz,0.2330419020263374,0.2067080992348117,30.0,-0.026333802791525696
jonathan davis,0.30251309387006475,0.28469463781399423,31.0,-0.01781845605607052
jonathan india,0.2534963626639907,0.2383619335058924,113.0,-0.015134429158098317
jonathan schoop,0.28435004593170504,0.2756892510972074,286.0,-0.008660794834497665
jonathan villar,0.26556169658280787,0.26023226833048935,162.0,-0.005329428252318524
jordan luplow,0.2856466794410181,0.29658041539002256,135.0,0.01093373594900443
jorge alfaro,0.32410658767918255,0.3194610840022532,160.0,-0.004645503676929341
jorge mateo,0.2733541647692291,0.26672591232935094,260.0,-0.006628252439878135
jorge polanco,0.3667249993519092,0.35871827139539314,267.0,-0.00800672795651608
jorge soler,0.3345030253619422,0.333299174346287,287.0,-0.001203851015655233
jose altuve,0.36564700982978926,0.3833197393907628,269.0,0.017672729560973544
jose azocar,0.2808925918152974,0.2764151478979282,118.0,-0.004477443917369206
jose godoy,0.3249977931175902,0.32153529295226757,5.0,-0.003462500165322624
jose herrera,0.19137465907844417,0.18081042191032037,92.0,-0.010564237168123797
jose miranda,0.28574028460072814,0.29300856117422275,157.0,0.007268276573494603
jose ramirez,0.3446103344101359,0.35776218266478776,313.0,0.013151848254651877
jose rojas,0.2157169538442725,0.2063498525476323,23.0,-0.009367101296640201
jose siri,0.27369314553855195,0.27610248193030157,141.0,0.002409336391749617
jose trevino,0.3227614955359089,0.31255493842914833,148.0,-0.01020655710676055
josh bell,0.37389229776450655,0.37080408408230886,326.0,-0.0030882136821976935
josh donaldson,0.3396527702776197,0.3636033151748602,250.0,0.023950544897240522
josh harrison,0.30063650744253123,0.2959151871080113,177.0,-0.004721320334519941
josh lowe,0.25086442054062214,0.23442255062477882,113.0,-0.016441869915843316
josh naylor,0.34313032480569733,0.3408729483143037,212.0,-0.0022573764913936256
josh rojas,0.2842560187179139,0.26815607799657754,190.0,-0.01609994072133636
josh smith,0.40352980024144125,0.37880822123056984,49.0,-0.02472157901087141
josh vanmeter,0.3043638804280707,0.2762085893626421,127.0,-0.028155291065428634
josé abreu,0.41753049207332416,0.39545256924945865,323.0,-0.022077922823865503
josé iglesias,0.3115045882395423,0.31536664108786494,248.0,0.003862052848322639
jt riddle,0.15284200023012012,0.13675352489564294,4.0,-0.016088475334477187
juan lagares,0.25102807546699785,0.23789262972512676,62.0,-0.013135445741871088
juan soto,0.4058728284802659,0.4013703819578014,339.0,-0.004502446522464509
juan yepez,0.3016286562865556,0.320490861336963,185.0,0.018862205050407366
julio rodriguez,0.3199182095546347,0.31872290019800653,323.0,-0.0011953093566281492
jurickson profar,0.3392880945306222,0.34315902279854354,344.0,0.0038709282679213475
justin turner,0.32164852503842667,0.3125894746264629,295.0,-0.009059050411963754
justin upton,0.24133334701763087,0.2575529639749704,38.0,0.016219616957339533
ka'ai tom,,,,
ke'bryan hayes,0.33151012628130644,0.3243833905996339,296.0,-0.007126735681672547
keibert ruiz,0.3598564461609245,0.3435013203679145,241.0,-0.016355125793010017
kelvin gutierrez,0.30311678640027995,0.2936845053981554,32.0,-0.009432281002124565
keston hiura,0.31129288751047557,0.30604059255108035,123.0,-0.005252294959395221
ketel marte,0.31633252523620337,0.32968055550256176,283.0,0.01334803026635839
kevin kiermaier,0.2997510960578381,0.28936041311368343,198.0,-0.010390682944154683
kevin newman,0.3004247262413874,0.3147808601996738,52.0,0.014356133958286388
kevin padlo,0.20017129666181785,0.17726223386072676,23.0,-0.02290906280109109
kevin pillar,0.2865660447115117,0.25150574549184673,13.0,-0.03506029921966497
kevin plawecki,0.2828317985285854,0.285440300536557,86.0,0.0026085020079715804
kevin smith,0.2509631369055215,0.2488573715400166,150.0,-0.0021057653655049136
khalil lee,,,,
kody clemens,0.21873106329272812,0.2301379074850425,43.0,0.011406844192314386
kole calhoun,0.3450154441968604,0.33722213984205973,261.0,-0.00779330435480069
kolten wong,0.30527703216904156,0.31217026994824865,226.0,0.006893237779207084
korey lee,,,,
kramer robertson,,,,
kris bryant,0.29605472344798867,0.30144479130977136,95.0,0.005390067861782699
kurt suzuki,0.28389279933304745,0.2767976225066678,91.0,-0.007095176826379668
kyle farmer,0.35350631575590985,0.35971799230120743,265.0,0.006211676545297584
kyle garlick,0.40239134656859843,0.40968865906463253,81.0,0.007297312496034103
kyle higashioka,0.3077732088320458,0.28421983037091164,128.0,-0.023553378461134145
kyle isbel,0.29293008299734885,0.3104357924640083,112.0,0.01750570946665947
kyle lewis,0.4533645387367784,0.453983869407836,16.0,0.0006193306710576274
kyle schwarber,0.3997016863881688,0.37846163905409475,335.0,-0.02124004733407403
kyle stowers,0.2382526896118956,0.23197761470374637,8.0,-0.006275074908149242
kyle tucker,0.4057724059610692,0.39392322804080104,289.0,-0.011849177920268184
lamonte wade,0.3777568967008447,0.36159187613975113,44.0,-0.01616502056109359
lane thomas,0.28679036193827945,0.288953112872512,241.0,0.0021627509342325713
lars nootbaar,0.2562618741127175,0.25806167328449814,81.0,0.001799799171780636
lenyn sosa,0.22188543192868604,0.20923728035393724,13.0,-0.0126481515747488
leody taveras,0.24952439812804156,0.24087461693825027,45.0,-0.008649781189791289
leury garcia,0.2662440437637365,0.2488725674804241,199.0,-0.017371476283312398
lewin diaz,0.19635058973124528,0.23792856650251135,10.0,0.04157797677126607
liover peguero,0.2926565874275586,0.3130244121672747,4.0,0.0203678247397161
lorenzo cain,0.23479604974770688,0.24364699529216977,156.0,0.00885094554446289
lourdes gurriel,0.3401964890662994,0.33831244471392746,278.0,-0.0018840443523719386
lucius fox,0.19370472603245634,0.1983455609820309,28.0,0.004640834949574568
luis arraez,0.3636073379970248,0.36620381738710134,292.0,0.0025964793900765115
luis barrera,0.2646663536192437,0.28543123572000906,85.0,0.02076488210076538
luis campusano,0.23988035907226424,0.20827981941426804,13.0,-0.031600539657996196
luis garcia,0.3284968448363469,0.32493211701643726,114.0,-0.00356472781990963
luis gonzalez,0.3018737384189139,0.31150624067527294,180.0,0.009632502256359032
luis guillorme,0.3267766497915862,0.32270414678990356,181.0,-0.004072503001682659
luis rengifo,0.3026761982144557,0.30940014173122604,165.0,0.006723943516770359
luis robert,0.33125423980093355,0.3267518044046539,267.0,-0.004502435396279647
luis torrens,0.28556616757711617,0.26969719450245355,117.0,-0.015868973074662618
luis urias,0.32292718351974703,0.3220367790732845,217.0,-0.0008904044464625449
luke maile,0.25196241256277735,0.25245243494476477,81.0,0.0004900223819874205
luke raley,0.19813771440204458,0.18038181562779665,8.0,-0.017755898774247936
luke voit,0.33085986037317866,0.32877151633609886,250.0,-0.0020883440370798034
luke williams,0.263940221315936,0.246105840375472,47.0,-0.017834380940463967
maikel franco,0.29372250972122765,0.2979676756545616,300.0,0.004245165933333961
manny machado,0.3423969174516504,0.35743218344636035,289.0,0.015035265994709945
manny pina,0.3135074807289371,0.27002862027164465,16.0,-0.043478860457292434
manuel margot,0.32652698170207806,0.3284542799036518,198.0,0.0019272982015737239
marcell ozuna,0.3530526224732154,0.349161874752195,315.0,-0.0038907477210203822
marcus semien,0.28012001201427295,0.2741817914016623,334.0,-0.005938220612610623
mark canha,0.3088748402236913,0.31178542835377177,253.0,0.002910588130080438
mark contreras,0.3840950548398866,0.27612200197165737,10.0,-0.10797305286822922
mark kolozsvary,0.18307469122228898,0.164060424118403,11.0,-0.019014267103885985
mark mathias,0.2856209863085639,0.3314070124937358,17.0,0.04578602618517186
martin maldonado,0.28080215477423415,0.27999459467635973,193.0,-0.0008075600978744157
marwin gonzalez,0.2937497946244503,0.2930460375690963,107.0,-0.0007037570553539707
matt beaty,0.2743198195656586,0.2540776869729833,40.0,-0.02024213259267532
matt carpenter,0.3943015977957347,0.427385058408778,49.0,0.03308346061304329
matt chapman,0.3311644668203072,0.32204364266131513,287.0,-0.009120824158992069
matt davidson,0.3017752908405977,0.3002140172702821,37.0,-0.0015612735703156022
matt duffy,0.29532367508950863,0.2856195435165575,142.0,-0.009704131572951136
matt olson,0.35876204276572915,0.3595836302934877,346.0,0.0008215875277585716
matt reynolds,0.3116211086628122,0.3016222327987561,154.0,-0.009998875864056067
matt thaiss,0.15022041403935948,0.13585774012395763,2.0,-0.014362673915401858
matt vierling,0.3549698084768521,0.3460591455666376,115.0,-0.008910662910214528
matthew batten,,,,
mauricio dubon,0.30915388219701484,0.2766103701852018,109.0,-0.03254351201181305
max kepler,0.3744183435733271,0.3697149684976733,280.0,-0.004703375075653771
max muncy,0.3309141329038565,0.33591574572257993,251.0,0.005001612818723411
max schrock,0.23775161396906216,0.22532660191725692,19.0,-0.01242501205180524
max stassi,0.3115279264418465,0.3115048147920751,179.0,-2.3111649771423437e-05
meibrys viloria,0.2190128356950268,0.19914365866505923,5.0,-0.019869177029967572
michael brantley,0.3856607830544995,0.36955564820016606,272.0,-0.016105134854333458
michael chavis,0.288308976296059,0.28568412149498695,222.0,-0.002624854801072052
michael harris,0.32919548815851923,0.3073797454369308,126.0,-0.021815742721588427
michael hermosillo,0.2882947970259944,0.30535409337542,35.0,0.0170592963494256
michael papierski,0.19433915258623974,0.17570598917792776,22.0,-0.018633163408311976
michael perez,0.2995191388343107,0.27750644192258445,99.0,-0.02201269691172625
michael taylor,0.32258656950892184,0.31228502837983513,207.0,-0.010301541129086711
mickey mcdonald,0.30627240616322715,0.30485624366776537,6.0,-0.0014161624954617813
mickey moniak,0.19323469988283717,0.19149586598676277,40.0,-0.0017388338960744043
miguel andujar,0.30553836894054354,0.3009359152465771,51.0,-0.004602453693966446
miguel cabrera,0.31197163271470163,0.3132525553265114,254.0,0.0012809226118097872
miguel rojas,0.314120414689966,0.31554698181067364,246.0,0.0014265671207076558
miguel sano,0.3382694569712754,0.3252573307250458,65.0,-0.013012126246229605
mike brosseau,0.3276259417814424,0.354491002902612,87.0,0.026865061121169598
mike ford,0.29666948949449334,0.3044512503858309,46.0,0.00778176089133753
mike moustakas,0.28590953637304595,0.276780070027917,197.0,-0.009129466345128956
mike trout,0.40263615077292175,0.4155427089125302,288.0,0.012906558139608448
mike yastrzemski,0.3497818919049596,0.35746023511217506,269.0,0.007678343207215443
mike zunino,0.25983599133753527,0.2664340921526394,123.0,0.0065981008151041465
mitch garver,0.31700245443953834,0.33351610573065504,187.0,0.016513651291116704
mitch haniger,0.3743286326674334,0.36820126982026014,36.0,-0.0061273628471732455
mj melendez,0.3142043058440823,0.30345153949152254,197.0,-0.010752766352559784
mookie betts,0.3532799149589484,0.36065709531287243,274.0,0.00737718035392404
myles straw,0.2718458628837539,0.2710033051044628,309.0,-0.0008425577792910977
narciso crook,0.28668473685643153,0.28785277479853555,8.0,0.0011680379421040166
nathaniel lowe,0.3285631492584866,0.3215402595179162,283.0,-0.007022889740570415
nelson cruz,0.3550865499847508,0.35633721563232307,306.0,0.0012506656475722577
nelson velázquez,0.2871621932213623,0.2970787993433832,30.0,0.009916606122020888
nick ahmed,0.24589095828993365,0.2622480749604521,54.0,0.01635711667051845
nick allen,0.2660790596612806,0.2717031388390927,67.0,0.005624079177812102
nick castellanos,0.31448775864090456,0.3152990371811577,326.0,0.0008112785402531464
nick fortes,0.4197214561841841,0.42624934410024395,51.0,0.006527887916059849
nick gordon,0.36303475568174487,0.33716936708149603,179.0,-0.02586538860024884
nick madrigal,0.2740271865888224,0.27631668373988394,114.0,0.002289497151061526
nick maton,0.29391390276274176,0.28913212075840644,7.0,-0.004781782004335322
nick plummer,0.28434080858518296,0.27097270323441863,31.0,-0.013368105350764325
nick senzel,0.3054700392875862,0.29576062806454984,200.0,-0.009709411223036368
nick solak,0.3187688475833383,0.3200063093043019,75.0,0.0012374617209636174
nicky lopez,0.2850539752912082,0.2743050363027533,243.0,-0.01074893898845486
nico hoerner,0.3252915006135795,0.32265537508017295,226.0,-0.0026361255334065303
niko goodrum,0.1984133632669192,0.21265709572906633,45.0,0.014243732462147135
nolan arenado,0.34054109238930896,0.35366955173736353,318.0,0.013128459348054566
nolan gorman,0.36007327223739777,0.3498459389590466,134.0,-0.01022733327835118
nomar mazara,0.2982336728738878,0.2937301091334132,81.0,-0.004503563740474614
odubel herrera,0.3047945396852949,0.30558411739084407,165.0,0.0007895777055491604
omar narvaez,0.29593537349721744,0.3146789545442745,172.0,0.01874358104705709
oneil cruz,0.277746016697216,0.27244456361366576,52.0,-0.005301453083550234
orlando arcia,0.35416140950927827,0.3442060067636937,118.0,-0.009955402745584596
oscar gonzalez,0.31111916939374507,0.30749026103821725,129.0,-0.0036289083555278157
oscar mercado,0.25341963901507464,0.2679413220630937,120.0,0.01452168304801904
owen miller,0.29017512963503145,0.3003553771677218,261.0,0.010180247532690367
ozzie albies,0.29959305008275794,0.29664941467243117,263.0,-0.0029436354103267726
p. j. higgins,0.30977589252434734,0.307058142387018,67.0,-0.0027177501373293333
pablo reyes,0.16492902421865535,0.21866536814868334,15.0,0.05373634393002799
patrick mazeika,0.2545388832379754,0.27814956794350143,51.0,0.02361068470552602
patrick wisdom,0.3230492160202297,0.3231234696359612,298.0,7.425361573154543e-05
paul dejong,0.2256699660749436,0.2330195661927156,86.0,0.007349600117771998
paul goldschmidt,0.3877295088259518,0.3951858585150621,332.0,0.007456349689110298
pavin smith,0.3168000269947945,0.2942834114691481,240.0,-0.022516615525646377
payton henry,0.2963870214893088,0.28654831706550327,35.0,-0.009838704423805522
pete alonso,0.3805060079107975,0.38542947327870875,322.0,0.004923465367911273
philip gosselin,0.25083326326763006,0.2491192979004443,16.0,-0.0017139653671857658
rafael devers,0.392601516916686,0.4031359885774159,330.0,0.010534471660729905
rafael ortega,0.30969459633415,0.3133009914476193,216.0,0.0036063951134693295
raimel tapia,0.3043887667274635,0.3123292682396954,227.0,0.007940501512231912
ramon laureano,0.3288568274620761,0.3294417723526882,198.0,0.0005849448906120602
ramon urias,0.32198311520956935,0.3224501454696105,187.0,0.0004670302600411347
randal grichuk,0.26403163889586156,0.2751740373343543,249.0,0.01114239843849274
randy arozarena,0.2915053453190626,0.29764080649447183,311.0,0.006135461175409251
reese mcguire,0.2686880222136972,0.25796420161574574,142.0,-0.010723820597951461
reiver sanmartin,0.07332125520934935,0.016829585171753255,2.0,-0.05649167003759609
rene pinto,0.16986309040928962,0.17605128192990582,40.0,0.006188191520616199
rhys hoskins,0.35063704955638497,0.3537524407765836,332.0,0.0031153912201986045
richie martin,0.2655959596399974,0.2335757159476676,30.0,-0.03202024369232978
richie palacios,0.2986193009202236,0.2898433732958942,83.0,-0.008775927624329383
riley adams,0.3120524416979222,0.31231409659118065,88.0,0.00026165489325846725
riley greene,0.4320157020582504,0.4181944776731511,53.0,-0.013821224385099307
rob brantly,,,,
rob refsnyder,0.468577316600253,0.4427186569697763,52.0,-0.025858659630476677
robbie grossman,0.27840000513662244,0.27257509518669687,238.0,-0.005824909949925572
roberto perez,0.315720497387539,0.32963382074277453,69.0,0.01391332335523554
robinson canó,0.2489931743494045,0.2623603458078511,77.0,0.013367171458446625
robinson chirinos,0.25984319112074816,0.2795914841102477,146.0,0.01974829298949954
rodolfo castro,0.26259779875177164,0.2640327176428404,77.0,0.0014349188910687816
roman quinn,0.2157866489173031,0.2011718601316746,40.0,-0.014614788785628496
ronald acuna,0.38771376885605485,0.39658228002651025,204.0,0.008868511170455395
ronnie dawson,0.1050806401251667,0.11496150141733504,3.0,0.009880861292168336
rougned odor,0.2617538798302784,0.25278675521284905,233.0,-0.008967124617429378
rowdy tellez,0.37162321929267733,0.35535708272685973,288.0,-0.0162661365658176
royce lewis,0.3305288997915674,0.32228569258024625,41.0,-0.008243207211321157
ryan jeffers,0.3366563102512381,0.3346014589753708,188.0,-0.0020548512758672977
ryan mckenna,0.21112865340699916,0.2215474895338378,80.0,0.010418836126838638
ryan mcmahon,0.3362426358574259,0.3381633286860353,305.0,0.001920692828609405
ryan mountcastle,0.3808962150937821,0.37373340258720256,279.0,-0.007162812506579519
ryan o'hearn,0.29905709332979136,0.284165044241491,58.0,-0.01489204908830033
rylan bannon,0.18381424350767675,0.19738250254204773,15.0,0.013568259034370977
salvador perez,0.29236655729919075,0.2973675817087899,235.0,0.005001024409599153
sam haggerty,0.21346868769141156,0.2210570569083614,30.0,0.007588369216949831
sam hilliard,0.30004302719810233,0.29579570059535426,126.0,-0.004247326602748069
sam huff,0.30116864930439713,0.3074923239699775,75.0,0.00632367466558037
sandy leon,0.36801412714718035,0.4186811051353187,11.0,0.05066697798813835
santiago espinal,0.3204497423151816,0.3252197660012968,305.0,0.004770023686115232
sean bouchard,0.23022337902101178,0.2257200485843043,9.0,-0.004503330436707476
sean murphy,0.3465496138375462,0.34428879597000234,287.0,-0.0022608178675438406
sebastian rivero,0.31472554398054764,0.26953366387360767,8.0,-0.045191880106939974
seby zavala,0.3109945293303134,0.3157264736690896,47.0,0.004731944338776217
seiya suzuki,0.31739141772749807,0.32264795899215726,159.0,0.005256541264659187
sergio alcantara,0.22966178194556655,0.23274719455416062,95.0,0.0030854126085940736
seth beer,0.2980115872085144,0.28356130784395694,91.0,-0.01445027936455745
seth brown,0.3453014780553692,0.32969529529936065,260.0,-0.015606182756008558
sheldon neuse,0.27590784900292764,0.280061751561515,220.0,0.004153902558587386
shohei ohtani,0.393457676616907,0.3893862433588897,324.0,-0.004071433258017287
simon muzziotti,0.25230271282809696,0.3195765556958803,9.0,0.06727384286778332
skye bolt,0.16177359758406812,0.13670065328757872,7.0,-0.025072944296489402
spencer torkelson,0.2996467243602051,0.29241937224509457,248.0,-0.007227352115110552
starling marte,0.3193781616364247,0.3210180977044133,292.0,0.0016399360679886232
steele walker,0.3210247074368144,0.3093385539779273,16.0,-0.011686153458887072
stephen piscotty,0.31751049578933255,0.3153389401178532,61.0,-0.002171555671479364
stephen vogt,0.32472917741636714,0.3000831613527809,61.0,-0.02464601606358624
steven duggar,0.26717863780338463,0.2719511766023177,44.0,0.004772538798933079
steven kwan,0.32125696445293517,0.30956248851451207,245.0,-0.011694475938423099
steven souza,0.18193012782281132,0.18776822215269498,19.0,0.005838094329883664
stuart fairchild,0.05616765589524468,0.034960212102724146,11.0,-0.021207443792520535
taylor motter,0.18519222251378795,0.18812077009123984,6.0,0.0029285475774518954
taylor trammell,0.32171054280758354,0.3108187862607766,94.0,-0.010891756546806963
taylor walls,0.2599645834468868,0.26142792707823387,222.0,0.0014633436313470916
taylor ward,0.377205868885512,0.3705671788153963,234.0,-0.006638690070115694
teoscar hernandez,0.3394058113154517,0.32716218897492144,224.0,-0.01224362234053028
thairo estrada,0.30754867266716407,0.3080028187410782,269.0,0.0004541460739141412
tim anderson,0.35546852354484165,0.35880238272772436,218.0,0.0033338591828827036
tim locastro,0.3672866979013157,0.3641129100329513,14.0,-0.003173787868364364
tj friedl,0.2479535219433647,0.2387575932553852,100.0,-0.009195928687979499
tom murphy,0.43186629668888893,0.41903804816124324,42.0,-0.012828248527645691
tommy edman,0.3244388332704738,0.31535841290056293,339.0,-0.009080420369910858
tommy la stella,0.2921927861713905,0.29884778796618405,112.0,0.006655001794793558
tommy pham,0.34524662413005003,0.3427831761878455,288.0,-0.002463447942204544
tomás nido,0.260546921698699,0.2498743678688904,149.0,-0.010672553829808584
tony kemp,0.26532155405461516,0.2526523710807468,285.0,-0.012669182973868376
travis d'arnaud,0.3293900499482415,0.3346604208101741,221.0,0.005270370861932605
travis demeritte,0.28003761128403404,0.28173746932473226,96.0,0.001699858040698221
travis jankowski,0.248486898503226,0.2365913308657437,48.0,-0.011895567637482313
travis shaw,0.09744918505890736,0.07761220053347792,19.0,-0.019836984525429438
travis swaggerty,0.06355357293764402,0.051275052490240176,9.0,-0.012278520447403844
trayce thompson,0.29785073462299483,0.2808639142031167,47.0,-0.016986820419878146
trea turner,0.3475890748935029,0.34077851224766587,337.0,-0.006810562645837015
trent grisham,0.2885430464934295,0.288016976696579,295.0,-0.0005260697968504924
tres barrera,,,,
trevor larnach,0.33169155451227167,0.34945588969269087,179.0,0.0177643351804192
trevor story,0.3051848726900463,0.2937912966331691,301.0,-0.011393576056877186
trey mancini,0.378489823036492,0.37806977150926935,298.0,-0.0004200515272226313
tucker barnhart,0.22527446141267551,0.22975745877939047,156.0,0.0044829973667149525
tucupita marcano,0.24771806823929732,0.22780749776942197,75.0,-0.01991057046987535
ty france,0.370585908517841,0.3713160526208928,307.0,0.0007301441030517775
tyler heineman,0.26920139512820385,0.2731611357539983,94.0,0.003959740625794461
tyler naquin,0.3446103782261947,0.3451943104079868,148.0,0.0005839321817920906
tyler nevin,0.3040747113563341,0.30526520147355435,144.0,0.001190490117220222
tyler o'neill,0.30050669551619735,0.2893472591816612,185.0,-0.011159436334536144
tyler stephenson,0.31578100031928014,0.3174372625029562,155.0,0.0016562621836760383
tyler wade,0.2572759536160166,0.25654152613833675,163.0,-0.0007344274776798221
tyrone taylor,0.307626180117653,0.307418708167727,230.0,-0.00020747194992604134
victor caratini,0.3838293774403109,0.3680452209420743,128.0,-0.015784156498236612
victor reyes,0.3718216493600197,0.3595179432539004,82.0,-0.012303706106119305
victor robles,0.2522344733273623,0.2527698854750072,198.0,0.0005354121476449092
vidal brujan,0.2328661044172046,0.24310874621698417,146.0,0.010242641799779573
vimael machin,0.22709477683041118,0.1693975001995515,4.0,-0.05769727663085969
vinnie pasquantino,0.44206204313338443,0.41440345487631824,15.0,-0.027658588257066186
vinny capra,0.4079625967566888,0.4432165232896014,7.0,0.03525392653291265
vladimir guerrero,0.3778035676529475,0.3668575064268032,330.0,-0.010946061226144277
wander franco,0.34531304188452133,0.33602435105567996,222.0,-0.009288690828841373
whit merrifield,0.31069140193227185,0.29513562854134556,340.0,-0.015555773390926286
wil myers,0.2601438754561182,0.26457209509391266,131.0,0.004428219637794439
will smith,0.37693880839519023,0.37046489820648965,263.0,-0.006473910188700582
willi castro,0.30041114814281433,0.2951772040393926,180.0,-0.005233944103421706
william contreras,0.36597385054602566,0.35580264904379283,143.0,-0.01017120150223283
willians astudillo,0.2851991924835909,0.29792116780894173,38.0,0.012721975325350854
willie calhoun,0.3465763738553608,0.3246587359239351,52.0,-0.02191763793142565
willson contreras,0.3870594968709084,0.3899618160293008,297.0,0.002902319158392397
willy adames,0.3491482719028447,0.34716159523977974,249.0,-0.001986676663064957
wilmer flores,0.3208895278726477,0.3216991930305183,281.0,0.0008096651578706204
xander bogaerts,0.33135493999187465,0.3314721055041473,314.0,0.00011716551227264338
yadiel hernández,0.3256752479993776,0.318377707891562,210.0,-0.007297540107815581
yadier molina,0.2679274018080868,0.27300748138318753,138.0,0.00508007957510076
yairo munoz,0.3525811878738597,0.3753857486849184,27.0,0.022804560811058694
yan gomes,0.2835205542456264,0.2945016060492743,136.0,0.01098105180364789
yandy díaz,0.36933203872647496,0.3698323539820089,277.0,0.0005003152555339563
yasmani grandal,0.30354635873752484,0.29865252089828337,200.0,-0.004893837839241466
yermin mercedes,0.21846295835890187,0.2136928494893313,4.0,-0.004770108869570577
yoan moncada,0.26801304878799564,0.25545756189108454,128.0,-0.012555486896911106
yonathan daza,0.3412680206088635,0.32537882734076135,216.0,-0.015889193268102175
yonny hernandez,0.2357495620154458,0.27916347332117264,28.0,0.04341391130572683
yordan álvarez,0.46959708687921414,0.449365257875599,279.0,-0.020231829003615143
yoshi tsutsugo,0.30043296309576417,0.28554207979100726,135.0,-0.014890883304756908
yu chang,0.24595226849638982,0.23657542016663347,59.0,-0.009376848329756354
yuli gurriel,0.28000909669481067,0.28563962773730395,277.0,0.005630531042493281
zach mckinstry,0.2931894265279536,0.3323316165508678,7.0,0.03914219002291419
zach reks,0.23881864796365104,0.24344657701991146,34.0,0.004627929056260416
zack collins,0.27427150564278163,0.2913681009969719,74.0,0.01709659535419028
